{
    "loss": 14.14728832244873,
    "accuracy": 0.5467625856399536
}