{
    "loss": 15.969494819641113,
    "accuracy": 0.48201438784599304
}